{
  "total_periods": 10,
  "num_clusters": 5,
  "zeta": 1.0,
  "final_prior": [
    0.18181818181818182,
    0.09090909090909093,
    0.2727272727272727,
    0.1818181818181818,
    0.18181818181818182,
    0.0909090909090909
  ],
  "cluster_assignments": [
    1.0,
    2.0,
    3.0,
    4.0,
    3.0,
    3.0,
    4.0,
    5.0,
    5.0,
    1.0
  ],
  "task_params": [
    [
      1.4223204193465782,
      0.20158154228669878
    ],
    [
      0.7468619378651111,
      0.34646974262594
    ],
    [
      0.9514869444603545,
      0.0020591623577976836
    ],
    [
      0.9101733476102092,
      0.11048471519829411
    ],
    [
      1.6926899334357426,
      0.06227726423272728
    ],
    [
      1.3223633676323323,
      0.31638889088057254
    ],
    [
      1.2230194012615223,
      0.41440482954946095
    ],
    [
      1.7704175209306177,
      0.049569198992451824
    ],
    [
      1.054671192208704,
      0.022378976292762698
    ],
    [
      1.4380077787287382,
      0.4939814674061405
    ]
  ],
  "env_type": "reward",
  "H": 4,
  "sigma": 0.25,
  "tau1": 0.5,
  "tau2": 0.5,
  "em_steps": 10,
  "clustering_time_minutes": 101.89117968479792
}