{
  "cluster_1": {
    "num_periods": 2,
    "periods": [
      1,
      10
    ],
    "task_params": [
      [
        1.4223204193465782,
        0.20158154228669878
      ],
      [
        1.4380077787287382,
        0.4939814674061405
      ]
    ]
  },
  "cluster_2": {
    "num_periods": 1,
    "periods": [
      2
    ],
    "task_params": [
      [
        0.7468619378651111,
        0.34646974262594
      ]
    ]
  },
  "cluster_3": {
    "num_periods": 3,
    "periods": [
      3,
      5,
      6
    ],
    "task_params": [
      [
        0.9514869444603545,
        0.0020591623577976836
      ],
      [
        1.6926899334357426,
        0.06227726423272728
      ],
      [
        1.3223633676323323,
        0.31638889088057254
      ]
    ]
  },
  "cluster_4": {
    "num_periods": 2,
    "periods": [
      4,
      7
    ],
    "task_params": [
      [
        0.9101733476102092,
        0.11048471519829411
      ],
      [
        1.2230194012615223,
        0.41440482954946095
      ]
    ]
  },
  "cluster_5": {
    "num_periods": 2,
    "periods": [
      8,
      9
    ],
    "task_params": [
      [
        1.7704175209306177,
        0.049569198992451824
      ],
      [
        1.054671192208704,
        0.022378976292762698
      ]
    ]
  }
}