{
  "periods": [
    1,
    2,
    3,
    4,
    5
  ],
  "optimal_rewards": [
    -661.8946533203125,
    -799.444091796875,
    -37840.015625,
    -42204.265625,
    -356.4715576171875
  ],
  "optimal_policy_ids": [
    1,
    2,
    3,
    4,
    3
  ],
  "cluster_ids": [
    1,
    2,
    3,
    4,
    3
  ],
  "task_params": [
    [
      1.4223204193465782,
      0.20158154228669878
    ],
    [
      0.7468619378651111,
      0.34646974262594
    ],
    [
      0.9514869444603545,
      0.0020591623577976836
    ],
    [
      0.9101733476102092,
      0.11048471519829411
    ],
    [
      1.6926899334357426,
      0.06227726423272728
    ]
  ],
  "optimal_iterations": [
    0,
    0,
    0,
    0,
    0
  ]
}