{
  "periods": [
    1
  ],
  "optimal_rewards": [
    -77398.609375
  ],
  "optimal_policy_ids": [
    1
  ],
  "cluster_ids": [
    1
  ],
  "task_params": [
    [
      1.4223204193465782,
      0.20158154228669878
    ]
  ],
  "optimal_iterations": [
    8
  ]
}