{
  "periods": [
    1,
    2,
    3,
    4,
    5,
    6,
    7,
    8,
    9,
    10
  ],
  "cluster_ids": [
    1,
    2,
    3,
    4,
    3,
    3,
    4,
    5,
    5,
    1
  ],
  "task_params": [
    [
      1.4223204193465782,
      0.20158154228669878
    ],
    [
      0.7468619378651111,
      0.34646974262594
    ],
    [
      0.9514869444603545,
      0.0020591623577976836
    ],
    [
      0.9101733476102092,
      0.11048471519829411
    ],
    [
      1.6926899334357426,
      0.06227726423272728
    ],
    [
      1.3223633676323323,
      0.31638889088057254
    ],
    [
      1.2230194012615223,
      0.41440482954946095
    ],
    [
      1.7704175209306177,
      0.049569198992451824
    ],
    [
      1.054671192208704,
      0.022378976292762698
    ],
    [
      1.4380077787287382,
      0.4939814674061405
    ]
  ],
  "num_clusters": 1
}