{
  "periods": [
    2,
    3,
    4,
    5
  ],
  "cluster_based_policy": [
    2,
    3,
    4,
    3
  ],
  "selected_policy": [
    2,
    3,
    4,
    3
  ],
  "final_reward": [
    -799.444091796875,
    -37840.015625,
    -42204.265625,
    -356.4715576171875
  ]
}