{
  "periods": [
    0,
    2,
    3,
    4,
    5
  ],
  "iterations": [
    [
      0,
      1,
      2,
      3,
      4
    ],
    [
      0,
      1,
      2,
      3,
      4
    ],
    [
      0,
      1,
      2,
      3,
      4
    ],
    [
      0,
      1,
      2,
      3,
      4
    ],
    [
      0,
      1,
      2,
      3,
      4
    ]
  ],
  "rewards": [
    [
      -87112.4140625,
      -84538.734375,
      -85634.765625,
      -82284.15625,
      -83961.5
    ],
    [
      -136779.109375,
      -135932.28125,
      -137271.6875,
      -135636.8125,
      -135605.4375
    ],
    [
      -112726.515625,
      -113904.765625,
      -112201.515625,
      -112839.015625,
      -112914.015625
    ],
    [
      -100132.578125,
      -99788.828125,
      -100274.4375,
      -99482.078125,
      -99622.8125
    ],
    [
      -72502.015625,
      -72594.390625,
      -72932.2578125,
      -73347.25,
      -72597.109375
    ]
  ],
  "rewards_mean": [
    -84706.3140625,
    -136245.065625,
    -112917.165625,
    -99860.146875,
    -72794.6046875
  ],
  "rewards_std": [
    1618.7043536065398,
    665.7454872171497,
    553.1678678303721,
    300.0684779593547,
    312.75026875363153
  ],
  "rewards_min": [
    -87112.4140625,
    -137271.6875,
    -113904.765625,
    -100274.4375,
    -73347.25
  ],
  "rewards_max": [
    -82284.15625,
    -135605.4375,
    -112201.515625,
    -99482.078125,
    -72502.015625
  ],
  "policy_gradients_norm": [
    [
      0.9999998071842106,
      1.0000000073280297,
      0.9999999687730141,
      1.00000008907931,
      1.0000000386456516
    ],
    [
      0.9999995554985851,
      1.000000016801496,
      0.006811058730107846,
      0.9999999016227047,
      0.999999974054331
    ],
    [
      0.9999998251083269,
      1.000000047518144,
      1.000000024393358,
      1.0000000353560439,
      0.9999999969757633
    ],
    [
      0.9999999496256058,
      1.000000170193464,
      1.0000000090273888,
      1.0000000332736938,
      0.9999999837430655
    ],
    [
      0.9999999007293645,
      0.9999999653340186,
      0.9999999499003697,
      0.9999999350281102,
      1.0000000360248373
    ]
  ],
  "losses": [],
  "learning_rates": [
    [
      0.001,
      0.001,
      0.001,
      0.001,
      0.001
    ],
    [
      0.001,
      0.001,
      0.001,
      0.001,
      0.001
    ],
    [
      0.001,
      0.001,
      0.001,
      0.001,
      0.001
    ],
    [
      0.001,
      0.001,
      0.001,
      0.001,
      0.001
    ],
    [
      0.001,
      0.001,
      0.001,
      0.001,
      0.001
    ]
  ],
  "convergence": [
    0.0,
    0.0,
    0.0,
    0.0
  ]
}