{
  "periods": [
    0,
    2,
    3,
    4,
    5
  ],
  "iterations": [
    [
      0,
      1,
      2,
      3,
      4,
      5,
      6,
      7,
      8,
      9
    ],
    [
      0,
      1,
      2,
      3,
      4,
      5,
      6,
      7,
      8,
      9
    ],
    [
      0,
      1,
      2,
      3,
      4,
      5,
      6,
      7,
      8,
      9
    ],
    [
      0,
      1,
      2,
      3,
      4,
      5,
      6,
      7,
      8,
      9
    ],
    [
      0,
      1,
      2,
      3,
      4,
      5,
      6,
      7,
      8,
      9
    ]
  ],
  "rewards": [
    [
      -661.8946533203125,
      -661.8946533203125,
      -661.8946533203125,
      -661.8946533203125,
      -661.8946533203125,
      -661.8946533203125,
      -661.8946533203125,
      -661.8946533203125,
      -661.8946533203125,
      -661.8946533203125
    ],
    [
      -799.444091796875,
      -799.444091796875,
      -799.444091796875,
      -799.444091796875,
      -799.444091796875,
      -799.444091796875,
      -799.444091796875,
      -799.444091796875,
      -799.444091796875,
      -799.444091796875
    ],
    [
      -37840.015625,
      -37840.015625,
      -37840.015625,
      -37840.015625,
      -37840.015625,
      -37840.015625,
      -37840.015625,
      -37840.015625,
      -37840.015625,
      -37840.015625
    ],
    [
      -42204.265625,
      -42204.265625,
      -42204.265625,
      -42204.265625,
      -42204.265625,
      -42204.265625,
      -42204.265625,
      -42204.265625,
      -42204.265625,
      -42204.265625
    ],
    [
      -356.4715576171875,
      -356.4715576171875,
      -356.4715576171875,
      -356.4715576171875,
      -356.4715576171875,
      -356.4715576171875,
      -356.4715576171875,
      -356.4715576171875,
      -356.4715576171875,
      -356.4715576171875
    ]
  ],
  "rewards_mean": [
    -661.8946533203125,
    -799.444091796875,
    -37840.015625,
    -42204.265625,
    -356.4715576171875
  ],
  "rewards_std": [
    0.0,
    0.0,
    0.0,
    0.0,
    0.0
  ],
  "rewards_min": [
    -661.8946533203125,
    -799.444091796875,
    -37840.015625,
    -42204.265625,
    -356.4715576171875
  ],
  "rewards_max": [
    -661.8946533203125,
    -799.444091796875,
    -37840.015625,
    -42204.265625,
    -356.4715576171875
  ],
  "policy_gradients_norm": [
    [
      0.0,
      0.06161563673061279,
      0.05829961672078876,
      0.05994851798587294,
      0.04854004566895967,
      0.055263812125396945,
      0.06763946769692221,
      0.0645149309531531,
      0.06963467737871878,
      0.0751646749794839
    ],
    [
      0.0,
      0.04978683645714543,
      0.05712399705793576,
      0.060607927389897995,
      0.06974589072786841,
      0.07367372528931612,
      0.05273842233468204,
      0.06805806259773552,
      0.05402963399712926,
      0.04020040146548905
    ],
    [
      0.0,
      0.062432193153598804,
      0.09749144163070853,
      0.07839777419062825,
      0.04218194998064063,
      0.10196569323904472,
      0.04210066808174756,
      0.1308631926476377,
      0.08084058676997442,
      0.04352668342128864
    ],
    [
      0.0,
      0.03745584001306896,
      0.09234519012822873,
      0.08048768251079608,
      0.08136783267655928,
      0.09432634461032151,
      0.12114982813392325,
      0.16267542150501574,
      0.08001475090717718,
      0.07015050319537756
    ],
    [
      0.09029875863341144,
      0.06707598381646863,
      0.08859877282112873,
      0.06404671002177642,
      0.07919154297635875,
      0.0776147440609436,
      0.10681522342118334,
      0.08119993552407062,
      0.08962068836416803,
      0.0650888978134285
    ]
  ],
  "losses": [],
  "learning_rates": [
    [
      0.001,
      0.001,
      0.001,
      0.001,
      0.001,
      0.001,
      0.001,
      0.001,
      0.001,
      0.001
    ],
    [
      0.001,
      0.001,
      0.001,
      0.001,
      0.001,
      0.001,
      0.001,
      0.001,
      0.001,
      0.001
    ],
    [
      0.001,
      0.001,
      0.001,
      0.001,
      0.001,
      0.001,
      0.001,
      0.001,
      0.001,
      0.001
    ],
    [
      0.001,
      0.001,
      0.001,
      0.001,
      0.001,
      0.001,
      0.001,
      0.001,
      0.001,
      0.001
    ],
    [
      0.001,
      0.001,
      0.001,
      0.001,
      0.001,
      0.001,
      0.001,
      0.001,
      0.001,
      0.001
    ]
  ],
  "convergence": [
    0.0,
    0.0,
    0.0,
    0.0
  ]
}