{
  "cluster_1": {
    "num_periods": 5,
    "periods": [
      1,
      2,
      3,
      4,
      5
    ],
    "task_params": [
      [
        1.4223204193465782,
        0.2741211225441108
      ],
      [
        0.7468619378651111,
        0.2410064670871741
      ],
      [
        0.9514869444603545,
        0.42347250697687255
      ],
      [
        0.9101733476102092,
        0.1848903974029013
      ],
      [
        1.6926899334357426,
        0.3126692595762461
      ]
    ]
  }
}