{
  "periods": [
    1,
    2,
    3,
    4
  ],
  "tasks": [
    [
      0.7468619378651111,
      0.2410064670871741
    ],
    [
      0.9514869444603545,
      0.42347250697687255
    ],
    [
      0.9101733476102092,
      0.1848903974029013
    ],
    [
      1.6926899334357426,
      0.3126692595762461
    ]
  ],
  "initial_likelihoods": [
    [
      0.0,
      0.0
    ],
    [
      0.0,
      0.0
    ],
    [
      0.0,
      0.0
    ],
    [
      0.0,
      0.0
    ]
  ],
  "normalized_likelihoods": [
    [
      0.5,
      0.5
    ],
    [
      0.5,
      0.5
    ],
    [
      0.5,
      0.5
    ],
    [
      0.5,
      0.5
    ]
  ],
  "priors": [
    [
      0.5,
      0.5
    ],
    [
      0.5825702064623147,
      0.41742979353768533
    ],
    [
      0.6224593312018545,
      0.3775406687981454
    ],
    [
      0.6456563062257955,
      0.35434369377420455
    ]
  ],
  "posteriors": [
    [
      0.5,
      0.5
    ],
    [
      0.5206308314733377,
      0.4793691685266624
    ],
    [
      0.530576631017636,
      0.4694233689823639
    ],
    [
      0.5363498334918638,
      0.4636501665081363
    ]
  ],
  "prior_selections": [
    1,
    1,
    1,
    1
  ],
  "new_cluster_created": [
    false,
    false,
    false,
    false
  ],
  "em_likelihoods_history": [
    [
      [
        1.0
      ]
    ],
    [
      [
        1.0
      ]
    ],
    [
      [
        1.0
      ]
    ],
    [
      [
        1.0
      ]
    ]
  ],
  "em_posteriors_history": [
    [
      [
        1.0
      ]
    ],
    [
      [
        1.0
      ]
    ],
    [
      [
        1.0
      ]
    ],
    [
      [
        1.0
      ]
    ]
  ],
  "final_likelihoods": [
    [
      1.0
    ],
    [
      1.0
    ],
    [
      1.0
    ],
    [
      1.0
    ]
  ],
  "final_posteriors": [
    [
      1.0
    ],
    [
      1.0
    ],
    [
      1.0
    ],
    [
      1.0
    ]
  ],
  "cluster_assignments": [
    1,
    1,
    1,
    1
  ],
  "prior_evolution": [
    [
      0.5,
      0.5
    ],
    [
      0.6666666666666666,
      0.3333333333333333
    ],
    [
      0.75,
      0.25
    ],
    [
      0.8,
      0.2
    ]
  ],
  "num_clusters": [
    1,
    1,
    1,
    1
  ],
  "num_samples": [
    1667,
    1680,
    1662,
    1698
  ]
}