{
  "overall_mean_reward": -470901.3203125,
  "overall_std_reward": 246186.1178874559,
  "overall_max_reward": -126967.6015625,
  "overall_min_reward": -844526.125,
  "final_period_mean": -844526.125,
  "best_period_mean": -126967.6015625,
  "worst_period_mean": -844526.125,
  "learning_trajectory": {
    "early_periods_mean": -604218.5625,
    "middle_periods_mean": -216210.98828125,
    "late_periods_mean": -658933.03125
  },
  "consistency": {
    "period_std_mean": 0.0,
    "iteration_std_mean": 246186.11788745594
  }
}