{
  "periods": [
    1,
    2,
    3,
    4,
    5,
    6,
    7,
    8,
    9
  ],
  "tasks": [
    [
      0.7468619378651111,
      0.34646974262594
    ],
    [
      1.5,
      0.4
    ],
    [
      0.9101733476102092,
      0.11048471519829411
    ],
    [
      1.6926899334357426,
      0.06227726423272728
    ],
    [
      1.0,
      0.2
    ],
    [
      1.2230194012615223,
      0.41440482954946095
    ],
    [
      1.5,
      0.4
    ],
    [
      1.054671192208704,
      0.022378976292762698
    ],
    [
      1.4380077787287382,
      0.4939814674061405
    ]
  ],
  "initial_likelihoods": [
    [
      -6758490.0,
      -4437084.0
    ],
    [
      -32124074.0,
      -27834304.0,
      -40978116.0
    ],
    [
      -4212706.0,
      -4168086.0,
      -3061900.0
    ],
    [
      -23700480.0,
      -15609528.0,
      -17005954.0,
      -16200522.0
    ],
    [
      -11618340.0,
      -9562886.0,
      -9266912.0,
      -10317369.0
    ],
    [
      -4531417.5,
      -4958169.0,
      -3728802.75,
      -4397476.0
    ],
    [
      -2952748.5,
      -1586269.125,
      -1964442.75,
      -1952897.625
    ],
    [
      -3783053.0,
      -5056203.5,
      -5774786.0,
      -2313645.75
    ],
    [
      -2949703.0,
      -2224077.0,
      -2434084.5,
      -2087307.375,
      -2221876.75
    ]
  ],
  "normalized_likelihoods": [
    [
      0.0,
      NaN
    ],
    [
      NaN,
      NaN,
      0.0
    ],
    [
      0.0,
      0.0,
      NaN
    ],
    [
      0.0,
      NaN,
      NaN,
      NaN
    ],
    [
      0.0,
      NaN,
      NaN,
      0.0
    ],
    [
      0.0,
      0.0,
      NaN,
      NaN
    ],
    [
      0.0,
      NaN,
      NaN,
      NaN
    ],
    [
      NaN,
      0.0,
      0.0,
      NaN
    ],
    [
      0.0,
      NaN,
      0.0,
      NaN,
      NaN
    ]
  ],
  "priors": [
    [
      0.5555555555555556,
      0.4444444444444445
    ],
    [
      0.3571428571428572,
      0.35714285714285715,
      0.28571428571428575
    ],
    [
      0.26315789473684215,
      0.5263157894736842,
      0.2105263157894737
    ],
    [
      0.20833333333333334,
      0.41666666666666663,
      0.20833333333333334,
      0.16666666666666669
    ],
    [
      0.1724137931034483,
      0.5172413793103449,
      0.1724137931034483,
      0.13793103448275865
    ],
    [
      0.14705882352941177,
      0.4411764705882353,
      0.29411764705882354,
      0.11764705882352942
    ],
    [
      0.12820512820512822,
      0.38461538461538464,
      0.38461538461538464,
      0.10256410256410257
    ],
    [
      0.11363636363636363,
      0.45454545454545453,
      0.3409090909090909,
      0.09090909090909091
    ],
    [
      0.10204081632653061,
      0.40816326530612246,
      0.3061224489795918,
      0.1020408163265306,
      0.08163265306122448
    ]
  ],
  "posteriors": [
    [
      0.0,
      1.0
    ],
    [
      0.0,
      1.0,
      0.0
    ],
    [
      0.0,
      0.0,
      1.0
    ],
    [
      0.0,
      1.0,
      0.0,
      0.0
    ],
    [
      0.0,
      0.0,
      1.0,
      0.0
    ],
    [
      0.0,
      0.0,
      1.0,
      0.0
    ],
    [
      0.0,
      1.0,
      0.0,
      0.0
    ],
    [
      0.0,
      0.0,
      0.0,
      1.0
    ],
    [
      0.0,
      0.0,
      0.0,
      1.0,
      0.0
    ]
  ],
  "prior_selections": [
    2,
    2,
    3,
    2,
    3,
    3,
    2,
    4,
    4
  ],
  "new_cluster_created": [
    true,
    false,
    true,
    false,
    false,
    false,
    false,
    true,
    false
  ],
  "em_likelihoods_history": [
    [
      [
        -6758490.0,
        -4437084.0
      ],
      [
        -6758490.0,
        -4081600.25
      ],
      [
        -6758490.0,
        -3937318.0
      ],
      [
        -6758490.0,
        -3745207.75
      ],
      [
        -6758490.0,
        -3604241.0
      ]
    ],
    [
      [
        -32124074.0,
        -27834304.0
      ],
      [
        -32124074.0,
        -21672608.0
      ],
      [
        -32124074.0,
        -21669612.0
      ],
      [
        -32124074.0,
        -22972374.0
      ],
      [
        -32124074.0,
        -22848166.0
      ]
    ],
    [
      [
        -4212706.0,
        -4168086.0,
        -3061900.0
      ],
      [
        -4212706.0,
        -4168086.0,
        -2553888.5
      ],
      [
        -4212706.0,
        -4168086.0,
        -2368207.5
      ],
      [
        -4212706.0,
        -4168086.0,
        -2391721.25
      ],
      [
        -4212706.0,
        -4168086.0,
        -2252113.75
      ]
    ],
    [
      [
        -23700480.0,
        -15609528.0,
        -17005954.0
      ],
      [
        -23700480.0,
        -13741565.0,
        -17005954.0
      ],
      [
        -23700480.0,
        -12798150.0,
        -17005954.0
      ],
      [
        -23700480.0,
        -12462242.0,
        -17005954.0
      ],
      [
        -23700480.0,
        -12855552.0,
        -17005954.0
      ]
    ],
    [
      [
        -11618340.0,
        -9562886.0,
        -9266912.0
      ],
      [
        -11618340.0,
        -9562886.0,
        -8796674.0
      ],
      [
        -11618340.0,
        -9562886.0,
        -8569270.0
      ],
      [
        -11618340.0,
        -9562886.0,
        -8551444.0
      ],
      [
        -11618340.0,
        -9562886.0,
        -8209807.0
      ]
    ],
    [
      [
        -4531417.5,
        -4958169.0,
        -3728802.75
      ],
      [
        -4531417.5,
        -4958169.0,
        -3067606.5
      ],
      [
        -4531417.5,
        -4958169.0,
        -2962308.5
      ],
      [
        -4531417.5,
        -4958169.0,
        -3238804.0
      ],
      [
        -4531417.5,
        -4958169.0,
        -3000176.5
      ]
    ],
    [
      [
        -2952748.5,
        -1586269.125,
        -1964442.75
      ],
      [
        -2952748.5,
        -1498859.625,
        -1964442.75
      ],
      [
        -2952748.5,
        -1429078.375,
        -1964442.75
      ],
      [
        -2952748.5,
        -1378514.625,
        -1964442.75
      ],
      [
        -2952748.5,
        -1355356.0,
        -1964442.75
      ]
    ],
    [
      [
        -3783053.0,
        -5056203.5,
        -5774786.0,
        -2313645.75
      ],
      [
        -3783053.0,
        -5056203.5,
        -5774786.0,
        -1881172.5
      ],
      [
        -3783053.0,
        -5056203.5,
        -5774786.0,
        -1769520.125
      ],
      [
        -3783053.0,
        -5056203.5,
        -5774786.0,
        -1703197.875
      ],
      [
        -3783053.0,
        -5056203.5,
        -5774786.0,
        -1724022.125
      ]
    ],
    [
      [
        -2949703.0,
        -2224077.0,
        -2434084.5,
        -2087307.375
      ],
      [
        -2949703.0,
        -2224077.0,
        -2434084.5,
        -1975285.875
      ],
      [
        -2949703.0,
        -2224077.0,
        -2434084.5,
        -2045815.875
      ],
      [
        -2949703.0,
        -2224077.0,
        -2434084.5,
        -1904412.75
      ],
      [
        -2949703.0,
        -2224077.0,
        -2434084.5,
        -1930333.875
      ]
    ]
  ],