{
  "total_periods": 10,
  "num_clusters": 4,
  "zeta": 0.8,
  "final_prior": [
    0.0925925925925926,
    0.3703703703703704,
    0.27777777777777773,
    0.18518518518518517,
    0.07407407407407407
  ],
  "cluster_assignments": [
    1.0,
    2.0,
    2.0,
    3.0,
    2.0,
    3.0,
    3.0,
    2.0,
    4.0,
    4.0
  ],
  "task_params": [
    [
      1.0,
      0.2
    ],
    [
      0.7468619378651111,
      0.34646974262594
    ],
    [
      1.5,
      0.4
    ],
    [
      0.9101733476102092,
      0.11048471519829411
    ],
    [
      1.6926899334357426,
      0.06227726423272728
    ],
    [
      1.0,
      0.2
    ],
    [
      1.2230194012615223,
      0.41440482954946095
    ],
    [
      1.5,
      0.4
    ],
    [
      1.054671192208704,
      0.022378976292762698
    ],
    [
      1.4380077787287382,
      0.4939814674061405
    ]
  ],
  "env_type": "reward",
  "H": 4,
  "sigma": 0.25,
  "tau1": 0.5,
  "tau2": 0.5,
  "em_steps": 5,
  "clustering_time_minutes": 45.5125319480896
}