{
  "cluster_1": {
    "num_periods": 1,
    "periods": [
      1
    ],
    "task_params": [
      [
        1.0,
        0.2
      ]
    ]
  },
  "cluster_2": {
    "num_periods": 4,
    "periods": [
      2,
      3,
      5,
      8
    ],
    "task_params": [
      [
        0.7468619378651111,
        0.34646974262594
      ],
      [
        1.5,
        0.4
      ],
      [
        1.6926899334357426,
        0.06227726423272728
      ],
      [
        1.5,
        0.4
      ]
    ]
  },
  "cluster_3": {
    "num_periods": 3,
    "periods": [
      4,
      6,
      7
    ],
    "task_params": [
      [
        0.9101733476102092,
        0.11048471519829411
      ],
      [
        1.0,
        0.2
      ],
      [
        1.2230194012615223,
        0.41440482954946095
      ]
    ]
  },
  "cluster_4": {
    "num_periods": 2,
    "periods": [
      9,
      10
    ],
    "task_params": [
      [
        1.054671192208704,
        0.022378976292762698
      ],
      [
        1.4380077787287382,
        0.4939814674061405
      ]
    ]
  }
}