{
  "num_periods": 10,
  "tasks": [
    [
      1.0,
      0.2
    ],
    [
      0.7468619378651111,
      0.34646974262594
    ],
    [
      1.5,
      0.4
    ],
    [
      0.9101733476102092,
      0.11048471519829411
    ],
    [
      1.6926899334357426,
      0.06227726423272728
    ],
    [
      1.0,
      0.2
    ],
    [
      1.2230194012615223,
      0.41440482954946095
    ],
    [
      1.5,
      0.4
    ],
    [
      1.054671192208704,
      0.022378976292762698
    ],
    [
      1.4380077787287382,
      0.4939814674061405
    ]
  ],
  "task_ids": [
    1.0,
    2.0,
    2.0,
    3.0,
    2.0,
    3.0,
    3.0,
    2.0,
    4.0,
    4.0
  ],
  "seed": 1009
}