{
  "config": {
    "sumo_config": "nets/120p4k/run_120p4k.sumocfg",
    "num_episodes": 2,
    "max_steps": 7200,
    "seed": 27,
    "device": "cpu",
    "llirl_ultimate_path": "llirl_sumo/saves/120p4k_ultimate_test2",
    "llirl_selected_cluster": 1
  },
  "ddqn": {
    "model_path": "ddqn_sumo/saves/120p4k/ddqn_model_final.pth",
    "output_path": "ddqn_sumo/output/120p4k/ddqn_model_final.pth",
    "training_rewards_available": false,
    "rewards": [
      -1623227.0599999998,
      -1623227.0599999998
    ],
    "episode_lengths": [
      720,
      720
    ],
    "waiting_times": [
      21622.897222222222,
      21622.897222222222
    ],
    "total_waiting_times": [
      15568486.0,
      15568486.0
    ],
    "queue_lengths": [
      264.54583333333335,
      264.54583333333335
    ],
    "vehicle_counts": [
      330.47222222222223,
      330.47222222222223
    ],
    "speeds": [
      4.385269348996886,
      4.385269348996886
    ],
    "avg_reward": -1623227.0599999998,
    "avg_waiting_time": 21622.897222222222,
    "avg_total_waiting_time": 15568486.0,
    "avg_queue_length": 264.54583333333335,
    "training_rewards": null,
    "training_rewards_shape": null
  },
  "llirl_ultimate": {
    "model_path": "llirl_sumo/saves/120p4k_ultimate_test2",
    "output_path": "llirl_sumo/output/120p4k_ultimate_test2",
    "training_rewards_available": true,
    "rewards": [
      -5119.768866826818,
      -54894.85949646322
    ],
    "episode_lengths": [
      720,
      322
    ],
    "waiting_times": [
      581.8555555555556,
      2697.9006211180126
    ],
    "total_waiting_times": [
      418936.0,
      868724.0
    ],
    "queue_lengths": [
      34.66111111111111,
      62.50310559006211
    ],
    "vehicle_counts": [
      61.43611111111111,
      88.21739130434783
    ],
    "speeds": [
      6.777867023514154,
      6.962226235354961
    ],
    "avg_reward": -30007.31418164502,
    "avg_waiting_time": 1639.878088336784,
    "avg_total_waiting_time": 643830.0,
    "avg_queue_length": 48.58210835058661,
    "training_rewards": [
      [
        -661.8946533203125,
        -661.8946533203125,
        -661.8946533203125,
        -661.8946533203125,
        -661.8946533203125,
        -661.8946533203125,
        -661.8946533203125,
        -661.8946533203125,
        -661.8946533203125,
        -661.8946533203125
      ],
      [
        -799.444091796875,
        -799.444091796875,
        -799.444091796875,
        -799.444091796875,
        -799.444091796875,
        -799.444091796875,
        -799.444091796875,
        -799.444091796875,
        -799.444091796875,
        -799.444091796875
      ],
      [
        -37840.015625,
        -37840.015625,
        -37840.015625,
        -37840.015625,
        -37840.015625,
        -37840.015625,
        -37840.015625,
        -37840.015625,
        -37840.015625,
        -37840.015625
      ],
      [
        -42204.265625,
        -42204.265625,
        -42204.265625,
        -42204.265625,
        -42204.265625,
        -42204.265625,
        -42204.265625,
        -42204.265625,
        -42204.265625,
        -42204.265625
      ],
      [
        -356.4715576171875,
        -356.4715576171875,
        -356.4715576171875,
        -356.4715576171875,
        -356.4715576171875,
        -356.4715576171875,
        -356.4715576171875,
        -356.4715576171875,
        -356.4715576171875,
        -356.4715576171875
      ]
    ],
    "training_rewards_shape": [
      5,
      10
    ]
  },
  "ppo": {
    "model_path": "ppo_sumo/saves/sumo_single_intersection/ppo_policy_final.pth",
    "output_path": "ppo_sumo/output/sumo_single_intersection/ppo_policy_final.pth",
    "training_rewards_available": false,
    "rewards": [
      -1428464.9700000007,
      -1428464.9700000007
    ],
    "episode_lengths": [
      720,
      720
    ],
    "waiting_times": [
      19013.147222222222,
      19013.147222222222
    ],
    "total_waiting_times": [
      13689466.0,
      13689466.0
    ],
    "queue_lengths": [
      218.51944444444445,
      218.51944444444445
    ],
    "vehicle_counts": [
      268.5861111111111,
      268.5861111111111
    ],
    "speeds": [
      4.253715330739918,
      4.253715330739918
    ],
    "avg_reward": -1428464.9700000007,
    "avg_waiting_time": 19013.147222222222,
    "avg_total_waiting_time": 13689466.0,
    "avg_queue_length": 218.51944444444445,
    "training_rewards": null,
    "training_rewards_shape": null
  },
  "comparison": {
    "best_model_by_reward": "LLIRL Ultimate",
    "avg_rewards": {
      "DDQN": -1623227.0599999998,
      "LLIRL Ultimate": -30007.31418164502,
      "PPO": -1428464.9700000007
    }
  }
}