{
  "total_periods": 5,
  "num_clusters": 1,
  "zeta": 1.0,
  "final_prior": [
    0.8333333333333334,
    0.16666666666666669
  ],
  "cluster_assignments": [
    1.0,
    1.0,
    1.0,
    1.0,
    1.0
  ],
  "task_params": [
    [
      1.4223204193465782,
      0.2741211225441108
    ],
    [
      0.7468619378651111,
      0.2410064670871741
    ],
    [
      0.9514869444603545,
      0.42347250697687255
    ],
    [
      0.9101733476102092,
      0.1848903974029013
    ],
    [
      1.6926899334357426,
      0.3126692595762461
    ]
  ],
  "env_type": "reward",
  "H": 4,
  "sigma": 0.25,
  "tau1": 1.0,
  "tau2": 1.0,
  "em_steps": 1,
  "clustering_time_minutes": 16.42207538286845
}