{
  "periods": [
    1,
    2,
    3,
    4
  ],
  "tasks": [
    [
      0.7468619378651111,
      0.2410064670871741
    ],
    [
      0.9514869444603545,
      0.42347250697687255
    ],
    [
      0.9101733476102092,
      0.1848903974029013
    ],
    [
      1.6926899334357426,
      0.3126692595762461
    ]
  ],
  "initial_likelihoods": [
    [
      0.0,
      0.0
    ],
    [
      0.0,
      0.0
    ],
    [
      0.0,
      0.0
    ],
    [
      0.0,
      0.0
    ]
  ],
  "normalized_likelihoods": [
    [
      0.5,
      0.5
    ],
    [
      0.5,
      0.5
    ],
    [
      0.5,
      0.5
    ],
    [
      0.5,
      0.5
    ]
  ],
  "priors": [
    [
      0.5,
      0.5
    ],
    [
      0.5498339973124778,
      0.4501660026875221
    ],
    [
      0.5699919189552306,
      0.4300080810447695
    ],
    [
      0.5814935998807654,
      0.41850640011923457
    ]
  ],
  "posteriors": [
    [
      0.5,
      0.5
    ],
    [
      0.5124559216534976,
      0.4875440783465024
    ],
    [
      0.5174908398777124,
      0.48250916012228756
    ],
    [
      0.5203621321231042,
      0.47963786787689583
    ]
  ],
  "prior_selections": [
    1,
    1,
    1,
    1
  ],
  "new_cluster_created": [
    false,
    false,
    false,
    false
  ],
  "em_likelihoods_history": [
    [
      [
        1.0
      ],
      [
        1.0
      ],
      [
        1.0
      ],
      [
        1.0
      ],
      [
        1.0
      ]
    ],
    [
      [
        1.0
      ],
      [
        1.0
      ],
      [
        1.0
      ],
      [
        1.0
      ],
      [
        1.0
      ]
    ],
    [
      [
        1.0
      ],
      [
        1.0
      ],
      [
        1.0
      ],
      [
        1.0
      ],
      [
        1.0
      ]
    ],
    [
      [
        1.0
      ],
      [
        1.0
      ],
      [
        1.0
      ],
      [
        1.0
      ],
      [
        1.0
      ]
    ]
  ],
  "em_posteriors_history": [
    [
      [
        1.0
      ],
      [
        1.0
      ],
      [
        1.0
      ],
      [
        1.0
      ],
      [
        1.0
      ]
    ],
    [
      [
        1.0
      ],
      [
        1.0
      ],
      [
        1.0
      ],
      [
        1.0
      ],
      [
        1.0
      ]
    ],
    [
      [
        1.0
      ],
      [
        1.0
      ],
      [
        1.0
      ],
      [
        1.0
      ],
      [
        1.0
      ]
    ],
    [
      [
        1.0
      ],
      [
        1.0
      ],
      [
        1.0
      ],
      [
        1.0
      ],
      [
        1.0
      ]
    ]
  ],
  "final_likelihoods": [
    [
      1.0
    ],
    [
      1.0
    ],
    [
      1.0
    ],
    [
      1.0
    ]
  ],
  "final_posteriors": [
    [
      1.0
    ],
    [
      1.0
    ],
    [
      1.0
    ],
    [
      1.0
    ]
  ],
  "cluster_assignments": [
    1,
    1,
    1,
    1
  ],
  "prior_evolution": [
    [
      0.5,
      0.5
    ],
    [
      0.7,
      0.3
    ],
    [
      0.7818181818181817,
      0.21818181818181817
    ],
    [
      0.8289077828646174,
      0.1710922171353826
    ]
  ],
  "num_clusters": [
    1,
    1,
    1,
    1
  ],
  "num_samples": [
    1646,
    644,
    924,
    451
  ]
}