{
  "periods": [
    1,
    2,
    3,
    4,
    5
  ],
  "optimal_rewards": [
    1403.199462890625,
    -307211.9375,
    -29920.11328125,
    -38994.9921875,
    -16766.26953125
  ],
  "optimal_policy_ids": [
    1,
    1,
    1,
    1,
    1
  ],
  "cluster_ids": [
    1,
    1,
    1,
    1,
    1
  ],
  "task_params": [
    [
      1.4223204193465782,
      0.2741211225441108
    ],
    [
      0.7468619378651111,
      0.2410064670871741
    ],
    [
      0.9514869444603545,
      0.42347250697687255
    ],
    [
      0.9101733476102092,
      0.1848903974029013
    ],
    [
      1.6926899334357426,
      0.3126692595762461
    ]
  ],
  "optimal_iterations": [
    0,
    0,
    0,
    0,
    0
  ]
}