{
  "periods": [
    2,
    3,
    4,
    5
  ],
  "cluster_based_policy": [
    1,
    1,
    1,
    1
  ],
  "performance_based_policy": [
    1,
    1,
    1,
    1
  ],
  "selected_policy": [
    1,
    1,
    1,
    1
  ],
  "selection_method": [
    "cluster",
    "cluster",
    "cluster",
    "cluster"
  ],
  "cluster_reward": [
    -307211.9375,
    -29920.11328125,
    -38994.9921875,
    -16766.26953125
  ],
  "performance_reward": [
    -307211.9375,
    -29920.11328125,
    -38994.9921875,
    -16766.26953125
  ],
  "final_reward": [
    -307211.9375,
    -29920.11328125,
    -38994.9921875,
    -16766.26953125
  ]
}